[
  {
    "name": "Ascension Island",
    "flag": "🇦🇨",
    "capital": "",
    "continent": ""
  },
  {
    "name": "Andorra",
    "flag": "🇦🇩",
    "capital": "Andorra la Vella",
    "continent": "EU"
  },
  {
    "name": "United Arab Emirates",
    "flag": "🇦🇪",
    "capital": "Abu Dhabi",
    "continent": "AS"
  },
  {
    "name": "Afghanistan",
    "flag": "🇦🇫",
    "capital": "Kabul",
    "continent": "AS"
  },
  {
    "name": "Antigua and Barbuda",
    "flag": "🇦🇬",
    "capital": "St John's",
    "continent": "NA"
  },
  {
    "name": "Anguilla",
    "flag": "🇦🇮",
    "capital": "The Valley",
    "continent": "NA"
  },
  {
    "name": "Albania",
    "flag": "🇦🇱",
    "capital": "Tirana",
    "continent": "EU"
  },
  {
    "name": "Armenia",
    "flag": "🇦🇲",
    "capital": "Yerevan",
    "continent": "AS"
  },
  {
    "name": "Angola",
    "flag": "🇦🇴",
    "capital": "Luanda",
    "continent": "AF"
  },
  {
    "name": "Antarctica",
    "flag": "🇦🇶",
    "capital": "",
    "continent": "AN"
  },
  {
    "name": "Argentina",
    "flag": "🇦🇷",
    "capital": "Buenos Aires",
    "continent": "SA"
  },
  {
    "name": "American Samoa",
    "flag": "🇦🇸",
    "capital": "Pago Pago",
    "continent": "OC"
  },
  {
    "name": "Austria",
    "flag": "🇦🇹",
    "capital": "Vienna",
    "continent": "EU"
  },
  {
    "name": "Australia",
    "flag": "🇦🇺",
    "capital": "Canberra",
    "continent": "OC"
  },
  {
    "name": "Aruba",
    "flag": "🇦🇼",
    "capital": "Oranjestad",
    "continent": "NA"
  },
  {
    "name": "Åland Islands",
    "flag": "🇦🇽",
    "capital": "",
    "continent": ""
  },
  {
    "name": "Azerbaijan",
    "flag": "🇦🇿",
    "capital": "Baku",
    "continent": "AS"
  },
  {
    "name": "Bosnia and Herzegovina",
    "flag": "🇧🇦",
    "capital": "Sarajevo",
    "continent": "EU"
  },
  {
    "name": "Barbados",
    "flag": "🇧🇧",
    "capital": "Bridgetown",
    "continent": "NA"
  },
  {
    "name": "Bangladesh",
    "flag": "🇧🇩",
    "capital": "Dhaka",
    "continent": "AS"
  },
  {
    "name": "Belgium",
    "flag": "🇧🇪",
    "capital": "Brussels",
    "continent": "EU"
  },
  {
    "name": "Burkina Faso",
    "flag": "🇧🇫",
    "capital": "Ouagadougou",
    "continent": "AF"
  },
  {
    "name": "Bulgaria",
    "flag": "🇧🇬",
    "capital": "Sofia",
    "continent": "EU"
  },
  {
    "name": "Bahrain",
    "flag": "🇧🇭",
    "capital": "Manama",
    "continent": "AS"
  },
  {
    "name": "Burundi",
    "flag": "🇧🇮",
    "capital": "Gitega",
    "continent": "AF"
  },
  {
    "name": "Benin",
    "flag": "🇧🇯",
    "capital": "Porto-Novo",
    "continent": "AF"
  },
  {
    "name": "Saint Barthélemy",
    "flag": "🇧🇱",
    "capital": "Gustavia",
    "continent": "NA"
  },
  {
    "name": "Bermuda",
    "flag": "🇧🇲",
    "capital": "Hamilton",
    "continent": "NA"
  },
  {
    "name": "Brunei",
    "flag": "🇧🇳",
    "capital": "Bandar Seri Begawan",
    "continent": "AS"
  },
  {
    "name": "Bolivia",
    "flag": "🇧🇴",
    "capital": "Sucre",
    "continent": "SA"
  },
  {
    "name": "Caribbean Netherlands",
    "flag": "🇧🇶",
    "capital": "",
    "continent": ""
  },
  {
    "name": "Brazil",
    "flag": "🇧🇷",
    "capital": "Brasília",
    "continent": "SA"
  },
  {
    "name": "Bahamas",
    "flag": "🇧🇸",
    "capital": "Nassau",
    "continent": "NA"
  },
  {
    "name": "Bhutan",
    "flag": "🇧🇹",
    "capital": "Thimphu",
    "continent": "AS"
  },
  {
    "name": "Bouvet Island",
    "flag": "🇧🇻",
    "capital": "",
    "continent": "AN"
  },
  {
    "name": "Botswana",
    "flag": "🇧🇼",
    "capital": "Gaborone",
    "continent": "AF"
  },
  {
    "name": "Belarus",
    "flag": "🇧🇾",
    "capital": "Minsk",
    "continent": "EU"
  },
  {
    "name": "Belize",
    "flag": "🇧🇿",
    "capital": "Belmopan",
    "continent": "NA"
  },
  {
    "name": "Canada",
    "flag": "🇨🇦",
    "capital": "Ottawa",
    "continent": "NA"
  },
  {
    "name": "Cocos (Keeling) Islands",
    "flag": "🇨🇨",
    "capital": "West Island",
    "continent": "AS"
  },
  {
    "name": "DR Congo",
    "flag": "🇨🇩",
    "capital": "Kinshasa",
    "continent": "AF"
  },
  {
    "name": "Central African Republic",
    "flag": "🇨🇫",
    "capital": "Bangui",
    "continent": "AF"
  },
  {
    "name": "Congo Republic",
    "flag": "🇨🇬",
    "capital": "Brazzaville",
    "continent": "AF"
  },
  {
    "name": "Switzerland",
    "flag": "🇨🇭",
    "capital": "Bern",
    "continent": "EU"
  },
  {
    "name": "Côte d’Ivoire",
    "flag": "🇨🇮",
    "capital": "Yamoussoukro",
    "continent": "AF"
  },
  {
    "name": "Cook Islands",
    "flag": "🇨🇰",
    "capital": "Avarua",
    "continent": "OC"
  },
  {
    "name": "Chile",
    "flag": "🇨🇱",
    "capital": "Santiago",
    "continent": "SA"
  },
  {
    "name": "Cameroon",
    "flag": "🇨🇲",
    "capital": "Yaoundé",
    "continent": "AF"
  },
  {
    "name": "China",
    "flag": "🇨🇳",
    "capital": "Beijing",
    "continent": "AS"
  },
  {
    "name": "Colombia",
    "flag": "🇨🇴",
    "capital": "Bogotá",
    "continent": "SA"
  },
  {
    "name": "Clipperton Island",
    "flag": "🇨🇵",
    "capital": "",
    "continent": ""
  },
  {
    "name": "Costa Rica",
    "flag": "🇨🇷",
    "capital": "San José",
    "continent": "NA"
  },
  {
    "name": "Cuba",
    "flag": "🇨🇺",
    "capital": "Havana",
    "continent": "NA"
  },
  {
    "name": "Cabo Verde",
    "flag": "🇨🇻",
    "capital": "Praia",
    "continent": "AF"
  },
  {
    "name": "Curaçao",
    "flag": "🇨🇼",
    "capital": "Willemstad",
    "continent": "NA"
  },
  {
    "name": "Christmas Island",
    "flag": "🇨🇽",
    "capital": "Flying Fish Cove",
    "continent": "OC"
  },
  {
    "name": "Cyprus",
    "flag": "🇨🇾",
    "capital": "Nicosia",
    "continent": "EU"
  },
  {
    "name": "Czechia",
    "flag": "🇨🇿",
    "capital": "Prague",
    "continent": "EU"
  },
  {
    "name": "Germany",
    "flag": "🇩🇪",
    "capital": "Berlin",
    "continent": "EU"
  },
  {
    "name": "Diego Garcia",
    "flag": "🇩🇬",
    "capital": "",
    "continent": ""
  },
  {
    "name": "Djibouti",
    "flag": "🇩🇯",
    "capital": "Djibouti",
    "continent": "AF"
  },
  {
    "name": "Denmark",
    "flag": "🇩🇰",
    "capital": "Copenhagen",
    "continent": "EU"
  },
  {
    "name": "Dominica",
    "flag": "🇩🇲",
    "capital": "Roseau",
    "continent": "NA"
  },
  {
    "name": "Dominican Republic",
    "flag": "🇩🇴",
    "capital": "Santo Domingo",
    "continent": "NA"
  },
  {
    "name": "Algeria",
    "flag": "🇩🇿",
    "capital": "Algiers",
    "continent": "AF"
  },
  {
    "name": "Ceuta & Melilla",
    "flag": "🇪🇦",
    "capital": "",
    "continent": ""
  },
  {
    "name": "Ecuador",
    "flag": "🇪🇨",
    "capital": "Quito",
    "continent": "SA"
  },
  {
    "name": "Estonia",
    "flag": "🇪🇪",
    "capital": "Tallinn",
    "continent": "EU"
  },
  {
    "name": "Egypt",
    "flag": "🇪🇬",
    "capital": "Cairo",
    "continent": "AF"
  },
  {
    "name": "Western Sahara",
    "flag": "🇪🇭",
    "capital": "",
    "continent": "AF"
  },
  {
    "name": "Eritrea",
    "flag": "🇪🇷",
    "capital": "Asmara",
    "continent": "AF"
  },
  {
    "name": "Spain",
    "flag": "🇪🇸",
    "capital": "Madrid",
    "continent": "EU"
  },
  {
    "name": "Ethiopia",
    "flag": "🇪🇹",
    "capital": "Addis Ababa",
    "continent": "AF"
  },
  {
    "name": "European Union",
    "flag": "🇪🇺",
    "capital": "",
    "continent": ""
  },
  {
    "name": "Finland",
    "flag": "🇫🇮",
    "capital": "Helsinki",
    "continent": "EU"
  },
  {
    "name": "Fiji",
    "flag": "🇫🇯",
    "capital": "Suva",
    "continent": "OC"
  },
  {
    "name": "Falkland Islands",
    "flag": "🇫🇰",
    "capital": "Stanley",
    "continent": "SA"
  },
  {
    "name": "Micronesia",
    "flag": "🇫🇲",
    "capital": "Palikir",
    "continent": "OC"
  },
  {
    "name": "Faroe Islands",
    "flag": "🇫🇴",
    "capital": "Tórshavn",
    "continent": "EU"
  },
  {
    "name": "France",
    "flag": "🇫🇷",
    "capital": "Paris",
    "continent": "EU"
  },
  {
    "name": "Gabon",
    "flag": "🇬🇦",
    "capital": "Libreville",
    "continent": "AF"
  },
  {
    "name": "United Kingdom",
    "flag": "🇬🇧",
    "capital": "London",
    "continent": "EU"
  },
  {
    "name": "Grenada",
    "flag": "🇬🇩",
    "capital": "St. George's",
    "continent": "NA"
  },
  {
    "name": "Georgia",
    "flag": "🇬🇪",
    "capital": "Tbilisi",
    "continent": "AS"
  },
  {
    "name": "French Guiana",
    "flag": "🇬🇫",
    "capital": "Cayenne",
    "continent": "SA"
  },
  {
    "name": "Guernsey",
    "flag": "🇬🇬",
    "capital": "St Peter Port",
    "continent": "EU"
  },
  {
    "name": "Ghana",
    "flag": "🇬🇭",
    "capital": "Accra",
    "continent": "AF"
  },
  {
    "name": "Gibraltar",
    "flag": "🇬🇮",
    "capital": "Gibraltar",
    "continent": "EU"
  },
  {
    "name": "Greenland",
    "flag": "🇬🇱",
    "capital": "Nuuk",
    "continent": "NA"
  },
  {
    "name": "Gambia",
    "flag": "🇬🇲",
    "capital": "Banjul",
    "continent": "AF"
  },
  {
    "name": "Guinea",
    "flag": "🇬🇳",
    "capital": "Conakry",
    "continent": "AF"
  },
  {
    "name": "Guadeloupe",
    "flag": "🇬🇵",
    "capital": "Basse-Terre",
    "continent": "NA"
  },
  {
    "name": "Equatorial Guinea",
    "flag": "🇬🇶",
    "capital": "Malabo",
    "continent": "AF"
  },
  {
    "name": "Greece",
    "flag": "🇬🇷",
    "capital": "Athens",
    "continent": "EU"
  },
  {
    "name": "South Georgia and South Sandwich Islands",
    "flag": "🇬🇸",
    "capital": "Grytviken",
    "continent": "AN"
  },
  {
    "name": "Guatemala",
    "flag": "🇬🇹",
    "capital": "Guatemala City",
    "continent": "NA"
  },
  {
    "name": "Guam",
    "flag": "🇬🇺",
    "capital": "Hagåtña",
    "continent": "OC"
  },
  {
    "name": "Guinea-Bissau",
    "flag": "🇬🇼",
    "capital": "Bissau",
    "continent": "AF"
  },
  {
    "name": "Guyana",
    "flag": "🇬🇾",
    "capital": "Georgetown",
    "continent": "SA"
  },
  {
    "name": "Hong Kong",
    "flag": "🇭🇰",
    "capital": "Hong Kong",
    "continent": "AS"
  },
  {
    "name": "Heard Island and McDonald Islands",
    "flag": "🇭🇲",
    "capital": "",
    "continent": "AN"
  },
  {
    "name": "Honduras",
    "flag": "🇭🇳",
    "capital": "Tegucigalpa",
    "continent": "NA"
  },
  {
    "name": "Croatia",
    "flag": "🇭🇷",
    "capital": "Zagreb",
    "continent": "EU"
  },
  {
    "name": "Haiti",
    "flag": "🇭🇹",
    "capital": "Port-au-Prince",
    "continent": "NA"
  },
  {
    "name": "Hungary",
    "flag": "🇭🇺",
    "capital": "Budapest",
    "continent": "EU"
  },
  {
    "name": "Canary Islands",
    "flag": "🇮🇨",
    "capital": "",
    "continent": ""
  },
  {
    "name": "Indonesia",
    "flag": "🇮🇩",
    "capital": "Jakarta",
    "continent": "AS"
  },
  {
    "name": "Ireland",
    "flag": "🇮🇪",
    "capital": "Dublin",
    "continent": "EU"
  },
  {
    "name": "Israel",
    "flag": "🇮🇱",
    "capital": "",
    "continent": "AS"
  },
  {
    "name": "Isle of Man",
    "flag": "🇮🇲",
    "capital": "Douglas",
    "continent": "EU"
  },
  {
    "name": "India",
    "flag": "🇮🇳",
    "capital": "New Delhi",
    "continent": "AS"
  },
  {
    "name": "British Indian Ocean Territory",
    "flag": "🇮🇴",
    "capital": "",
    "continent": "AS"
  },
  {
    "name": "Iraq",
    "flag": "🇮🇶",
    "capital": "Baghdad",
    "continent": "AS"
  },
  {
    "name": "Iran",
    "flag": "🇮🇷",
    "capital": "Tehran",
    "continent": "AS"
  },
  {
    "name": "Iceland",
    "flag": "🇮🇸",
    "capital": "Reykjavik",
    "continent": "EU"
  },
  {
    "name": "Italy",
    "flag": "🇮🇹",
    "capital": "Rome",
    "continent": "EU"
  },
  {
    "name": "Jersey",
    "flag": "🇯🇪",
    "capital": "Saint Helier",
    "continent": "EU"
  },
  {
    "name": "Jamaica",
    "flag": "🇯🇲",
    "capital": "Kingston",
    "continent": "NA"
  },
  {
    "name": "Jordan",
    "flag": "🇯🇴",
    "capital": "Amman",
    "continent": "AS"
  },
  {
    "name": "Japan",
    "flag": "🇯🇵",
    "capital": "Tokyo",
    "continent": "AS"
  },
  {
    "name": "Kenya",
    "flag": "🇰🇪",
    "capital": "Nairobi",
    "continent": "AF"
  },
  {
    "name": "Kyrgyzstan",
    "flag": "🇰🇬",
    "capital": "Bishkek",
    "continent": "AS"
  },
  {
    "name": "Cambodia",
    "flag": "🇰🇭",
    "capital": "Phnom Penh",
    "continent": "AS"
  },
  {
    "name": "Kiribati",
    "flag": "🇰🇮",
    "capital": "Tarawa",
    "continent": "OC"
  },
  {
    "name": "Comoros",
    "flag": "🇰🇲",
    "capital": "Moroni",
    "continent": "AF"
  },
  {
    "name": "St Kitts and Nevis",
    "flag": "🇰🇳",
    "capital": "Basseterre",
    "continent": "NA"
  },
  {
    "name": "North Korea",
    "flag": "🇰🇵",
    "capital": "Pyongyang",
    "continent": "AS"
  },
  {
    "name": "South Korea",
    "flag": "🇰🇷",
    "capital": "Seoul",
    "continent": "AS"
  },
  {
    "name": "Kuwait",
    "flag": "🇰🇼",
    "capital": "Kuwait City",
    "continent": "AS"
  },
  {
    "name": "Cayman Islands",
    "flag": "🇰🇾",
    "capital": "George Town",
    "continent": "NA"
  },
  {
    "name": "Kazakhstan",
    "flag": "🇰🇿",
    "capital": "Nur-Sultan",
    "continent": "AS"
  },
  {
    "name": "Laos",
    "flag": "🇱🇦",
    "capital": "Vientiane",
    "continent": "AS"
  },
  {
    "name": "Lebanon",
    "flag": "🇱🇧",
    "capital": "Beirut",
    "continent": "AS"
  },
  {
    "name": "Saint Lucia",
    "flag": "🇱🇨",
    "capital": "Castries",
    "continent": "NA"
  },
  {
    "name": "Liechtenstein",
    "flag": "🇱🇮",
    "capital": "Vaduz",
    "continent": "EU"
  },
  {
    "name": "Sri Lanka",
    "flag": "🇱🇰",
    "capital": "Colombo",
    "continent": "AS"
  },
  {
    "name": "Liberia",
    "flag": "🇱🇷",
    "capital": "Monrovia",
    "continent": "AF"
  },
  {
    "name": "Lesotho",
    "flag": "🇱🇸",
    "capital": "Maseru",
    "continent": "AF"
  },
  {
    "name": "Lithuania",
    "flag": "🇱🇹",
    "capital": "Vilnius",
    "continent": "EU"
  },
  {
    "name": "Luxembourg",
    "flag": "🇱🇺",
    "capital": "Luxembourg",
    "continent": "EU"
  },
  {
    "name": "Latvia",
    "flag": "🇱🇻",
    "capital": "Riga",
    "continent": "EU"
  },
  {
    "name": "Libya",
    "flag": "🇱🇾",
    "capital": "Tripoli",
    "continent": "AF"
  },
  {
    "name": "Morocco",
    "flag": "🇲🇦",
    "capital": "Rabat",
    "continent": "AF"
  },
  {
    "name": "Monaco",
    "flag": "🇲🇨",
    "capital": "Monaco",
    "continent": "EU"
  },
  {
    "name": "Moldova",
    "flag": "🇲🇩",
    "capital": "Chișinău",
    "continent": "EU"
  },
  {
    "name": "Montenegro",
    "flag": "🇲🇪",
    "capital": "Podgorica",
    "continent": "EU"
  },
  {
    "name": "Saint Martin",
    "flag": "🇲🇫",
    "capital": "Marigot",
    "continent": "NA"
  },
  {
    "name": "Madagascar",
    "flag": "🇲🇬",
    "capital": "Antananarivo",
    "continent": "AF"
  },
  {
    "name": "Marshall Islands",
    "flag": "🇲🇭",
    "capital": "Majuro",
    "continent": "OC"
  },
  {
    "name": "North Macedonia",
    "flag": "🇲🇰",
    "capital": "Skopje",
    "continent": "EU"
  },
  {
    "name": "Mali",
    "flag": "🇲🇱",
    "capital": "Bamako",
    "continent": "AF"
  },
  {
    "name": "Myanmar",
    "flag": "🇲🇲",
    "capital": "Nay Pyi Taw",
    "continent": "AS"
  },
  {
    "name": "Mongolia",
    "flag": "🇲🇳",
    "capital": "Ulaanbaatar",
    "continent": "AS"
  },
  {
    "name": "Macao",
    "flag": "🇲🇴",
    "capital": "Macao",
    "continent": "AS"
  },
  {
    "name": "Northern Mariana Islands",
    "flag": "🇲🇵",
    "capital": "Saipan",
    "continent": "OC"
  },
  {
    "name": "Martinique",
    "flag": "🇲🇶",
    "capital": "Fort-de-France",
    "continent": "NA"
  },
  {
    "name": "Mauritania",
    "flag": "🇲🇷",
    "capital": "Nouakchott",
    "continent": "AF"
  },
  {
    "name": "Montserrat",
    "flag": "🇲🇸",
    "capital": "Plymouth",
    "continent": "NA"
  },
  {
    "name": "Malta",
    "flag": "🇲🇹",
    "capital": "Valletta",
    "continent": "EU"
  },
  {
    "name": "Mauritius",
    "flag": "🇲🇺",
    "capital": "Port Louis",
    "continent": "AF"
  },
  {
    "name": "Maldives",
    "flag": "🇲🇻",
    "capital": "Malé",
    "continent": "AS"
  },
  {
    "name": "Malawi",
    "flag": "🇲🇼",
    "capital": "Lilongwe",
    "continent": "AF"
  },
  {
    "name": "Mexico",
    "flag": "🇲🇽",
    "capital": "Mexico City",
    "continent": "NA"
  },
  {
    "name": "Malaysia",
    "flag": "🇲🇾",
    "capital": "Kuala Lumpur",
    "continent": "AS"
  },
  {
    "name": "Mozambique",
    "flag": "🇲🇿",
    "capital": "Maputo",
    "continent": "AF"
  },
  {
    "name": "Namibia",
    "flag": "🇳🇦",
    "capital": "Windhoek",
    "continent": "AF"
  },
  {
    "name": "New Caledonia",
    "flag": "🇳🇨",
    "capital": "Noumea",
    "continent": "OC"
  },
  {
    "name": "Niger",
    "flag": "🇳🇪",
    "capital": "Niamey",
    "continent": "AF"
  },
  {
    "name": "Norfolk Island",
    "flag": "🇳🇫",
    "capital": "Kingston",
    "continent": "OC"
  },
  {
    "name": "Nigeria",
    "flag": "🇳🇬",
    "capital": "Abuja",
    "continent": "AF"
  },
  {
    "name": "Nicaragua",
    "flag": "🇳🇮",
    "capital": "Managua",
    "continent": "NA"
  },
  {
    "name": "Netherlands",
    "flag": "🇳🇱",
    "capital": "Amsterdam",
    "continent": "EU"
  },
  {
    "name": "Norway",
    "flag": "🇳🇴",
    "capital": "Oslo",
    "continent": "EU"
  },
  {
    "name": "Nepal",
    "flag": "🇳🇵",
    "capital": "Kathmandu",
    "continent": "AS"
  },
  {
    "name": "Nauru",
    "flag": "🇳🇷",
    "capital": "Yaren District",
    "continent": "OC"
  },
  {
    "name": "Niue",
    "flag": "🇳🇺",
    "capital": "Alofi",
    "continent": "OC"
  },
  {
    "name": "New Zealand",
    "flag": "🇳🇿",
    "capital": "Wellington",
    "continent": "OC"
  },
  {
    "name": "Oman",
    "flag": "🇴🇲",
    "capital": "Muscat",
    "continent": "AS"
  },
  {
    "name": "Panama",
    "flag": "🇵🇦",
    "capital": "Panama City",
    "continent": "NA"
  },
  {
    "name": "Peru",
    "flag": "🇵🇪",
    "capital": "Lima",
    "continent": "SA"
  },
  {
    "name": "French Polynesia",
    "flag": "🇵🇫",
    "capital": "Papeete",
    "continent": "OC"
  },
  {
    "name": "Papua New Guinea",
    "flag": "🇵🇬",
    "capital": "Port Moresby",
    "continent": "OC"
  },
  {
    "name": "Philippines",
    "flag": "🇵🇭",
    "capital": "Manila",
    "continent": "AS"
  },
  {
    "name": "Pakistan",
    "flag": "🇵🇰",
    "capital": "Islamabad",
    "continent": "AS"
  },
  {
    "name": "Poland",
    "flag": "🇵🇱",
    "capital": "Warsaw",
    "continent": "EU"
  },
  {
    "name": "Saint Pierre and Miquelon",
    "flag": "🇵🇲",
    "capital": "Saint-Pierre",
    "continent": "NA"
  },
  {
    "name": "Pitcairn Islands",
    "flag": "🇵🇳",
    "capital": "Adamstown",
    "continent": "OC"
  },
  {
    "name": "Puerto Rico",
    "flag": "🇵🇷",
    "capital": "San Juan",
    "continent": "NA"
  },
  {
    "name": "Palestine",
    "flag": "🇵🇸",
    "capital": "",
    "continent": "AS"
  },
  {
    "name": "Portugal",
    "flag": "🇵🇹",
    "capital": "Lisbon",
    "continent": "EU"
  },
  {
    "name": "Palau",
    "flag": "🇵🇼",
    "capital": "Ngerulmud",
    "continent": "OC"
  },
  {
    "name": "Paraguay",
    "flag": "🇵🇾",
    "capital": "Asunción",
    "continent": "SA"
  },
  {
    "name": "Qatar",
    "flag": "🇶🇦",
    "capital": "Doha",
    "continent": "AS"
  },
  {
    "name": "Réunion",
    "flag": "🇷🇪",
    "capital": "Saint-Denis",
    "continent": "AF"
  },
  {
    "name": "Romania",
    "flag": "🇷🇴",
    "capital": "Bucharest",
    "continent": "EU"
  },
  {
    "name": "Serbia",
    "flag": "🇷🇸",
    "capital": "Belgrade",
    "continent": "EU"
  },
  {
    "name": "Russia",
    "flag": "🇷🇺",
    "capital": "Moscow",
    "continent": "EU"
  },
  {
    "name": "Rwanda",
    "flag": "🇷🇼",
    "capital": "Kigali",
    "continent": "AF"
  },
  {
    "name": "Saudi Arabia",
    "flag": "🇸🇦",
    "capital": "Riyadh",
    "continent": "AS"
  },
  {
    "name": "Solomon Islands",
    "flag": "🇸🇧",
    "capital": "Honiara",
    "continent": "OC"
  },
  {
    "name": "Seychelles",
    "flag": "🇸🇨",
    "capital": "Victoria",
    "continent": "AF"
  },
  {
    "name": "Sudan",
    "flag": "🇸🇩",
    "capital": "Khartoum",
    "continent": "AF"
  },
  {
    "name": "Sweden",
    "flag": "🇸🇪",
    "capital": "Stockholm",
    "continent": "EU"
  },
  {
    "name": "Singapore",
    "flag": "🇸🇬",
    "capital": "Singapore",
    "continent": "AS"
  },
  {
    "name": "Saint Helena",
    "flag": "🇸🇭",
    "capital": "Jamestown",
    "continent": "AF"
  },
  {
    "name": "Slovenia",
    "flag": "🇸🇮",
    "capital": "Ljubljana",
    "continent": "EU"
  },
  {
    "name": "Svalbard and Jan Mayen",
    "flag": "🇸🇯",
    "capital": "Longyearbyen",
    "continent": "EU"
  },
  {
    "name": "Slovakia",
    "flag": "🇸🇰",
    "capital": "Bratislava",
    "continent": "EU"
  },
  {
    "name": "Sierra Leone",
    "flag": "🇸🇱",
    "capital": "Freetown",
    "continent": "AF"
  },
  {
    "name": "San Marino",
    "flag": "🇸🇲",
    "capital": "San Marino",
    "continent": "EU"
  },
  {
    "name": "Senegal",
    "flag": "🇸🇳",
    "capital": "Dakar",
    "continent": "AF"
  },
  {
    "name": "Somalia",
    "flag": "🇸🇴",
    "capital": "Mogadishu",
    "continent": "AF"
  },
  {
    "name": "Suriname",
    "flag": "🇸🇷",
    "capital": "Paramaribo",
    "continent": "SA"
  },
  {
    "name": "South Sudan",
    "flag": "🇸🇸",
    "capital": "Juba",
    "continent": "AF"
  },
  {
    "name": "São Tomé and Príncipe",
    "flag": "🇸🇹",
    "capital": "São Tomé",
    "continent": "AF"
  },
  {
    "name": "El Salvador",
    "flag": "🇸🇻",
    "capital": "San Salvador",
    "continent": "NA"
  },
  {
    "name": "Sint Maarten",
    "flag": "🇸🇽",
    "capital": "Philipsburg",
    "continent": "NA"
  },
  {
    "name": "Syria",
    "flag": "🇸🇾",
    "capital": "Damascus",
    "continent": "AS"
  },
  {
    "name": "Eswatini",
    "flag": "🇸🇿",
    "capital": "Mbabane",
    "continent": "AF"
  },
  {
    "name": "Tristan Da Cunha",
    "flag": "🇹🇦",
    "capital": "",
    "continent": ""
  },
  {
    "name": "Turks and Caicos Islands",
    "flag": "🇹🇨",
    "capital": "Cockburn Town",
    "continent": "NA"
  },
  {
    "name": "Chad",
    "flag": "🇹🇩",
    "capital": "N'Djamena",
    "continent": "AF"
  },
  {
    "name": "French Southern Territories",
    "flag": "🇹🇫",
    "capital": "Port-aux-Français",
    "continent": "AN"
  },
  {
    "name": "Togo",
    "flag": "🇹🇬",
    "capital": "Lomé",
    "continent": "AF"
  },
  {
    "name": "Thailand",
    "flag": "🇹🇭",
    "capital": "Bangkok",
    "continent": "AS"
  },
  {
    "name": "Tajikistan",
    "flag": "🇹🇯",
    "capital": "Dushanbe",
    "continent": "AS"
  },
  {
    "name": "Tokelau",
    "flag": "🇹🇰",
    "capital": "",
    "continent": "OC"
  },
  {
    "name": "Timor-Leste",
    "flag": "🇹🇱",
    "capital": "Dili",
    "continent": "OC"
  },
  {
    "name": "Turkmenistan",
    "flag": "🇹🇲",
    "capital": "Ashgabat",
    "continent": "AS"
  },
  {
    "name": "Tunisia",
    "flag": "🇹🇳",
    "capital": "Tunis",
    "continent": "AF"
  },
  {
    "name": "Tonga",
    "flag": "🇹🇴",
    "capital": "Nuku'alofa",
    "continent": "OC"
  },
  {
    "name": "Turkey",
    "flag": "🇹🇷",
    "capital": "Ankara",
    "continent": "AS"
  },
  {
    "name": "Trinidad and Tobago",
    "flag": "🇹🇹",
    "capital": "Port of Spain",
    "continent": "NA"
  },
  {
    "name": "Tuvalu",
    "flag": "🇹🇻",
    "capital": "Funafuti",
    "continent": "OC"
  },
  {
    "name": "Taiwan",
    "flag": "🇹🇼",
    "capital": "Taipei",
    "continent": "AS"
  },
  {
    "name": "Tanzania",
    "flag": "🇹🇿",
    "capital": "Dodoma",
    "continent": "AF"
  },
  {
    "name": "Ukraine",
    "flag": "🇺🇦",
    "capital": "Kyiv",
    "continent": "EU"
  },
  {
    "name": "Uganda",
    "flag": "🇺🇬",
    "capital": "Kampala",
    "continent": "AF"
  },
  {
    "name": "U.S. Minor Outlying Islands",
    "flag": "🇺🇲",
    "capital": "",
    "continent": "OC"
  },
  {
    "name": "United Nations",
    "flag": "🇺🇳",
    "capital": "",
    "continent": ""
  },
  {
    "name": "United States",
    "flag": "🇺🇸",
    "capital": "Washington",
    "continent": "NA"
  },
  {
    "name": "Uruguay",
    "flag": "🇺🇾",
    "capital": "Montevideo",
    "continent": "SA"
  },
  {
    "name": "Uzbekistan",
    "flag": "🇺🇿",
    "capital": "Tashkent",
    "continent": "AS"
  },
  {
    "name": "Vatican City",
    "flag": "🇻🇦",
    "capital": "Vatican City",
    "continent": "EU"
  },
  {
    "name": "St Vincent and Grenadines",
    "flag": "🇻🇨",
    "capital": "Kingstown",
    "continent": "NA"
  },
  {
    "name": "Venezuela",
    "flag": "🇻🇪",
    "capital": "Caracas",
    "continent": "SA"
  },
  {
    "name": "British Virgin Islands",
    "flag": "🇻🇬",
    "capital": "Road Town",
    "continent": "NA"
  },
  {
    "name": "U.S. Virgin Islands",
    "flag": "🇻🇮",
    "capital": "Charlotte Amalie",
    "continent": "NA"
  },
  {
    "name": "Vietnam",
    "flag": "🇻🇳",
    "capital": "Hanoi",
    "continent": "AS"
  },
  {
    "name": "Vanuatu",
    "flag": "🇻🇺",
    "capital": "Port Vila",
    "continent": "OC"
  },
  {
    "name": "Wallis and Futuna",
    "flag": "🇼🇫",
    "capital": "Mata-Utu",
    "continent": "OC"
  },
  {
    "name": "Samoa",
    "flag": "🇼🇸",
    "capital": "Apia",
    "continent": "OC"
  },
  {
    "name": "Kosovo",
    "flag": "🇽🇰",
    "capital": "Pristina",
    "continent": "EU"
  },
  {
    "name": "Yemen",
    "flag": "🇾🇪",
    "capital": "Sanaa",
    "continent": "AS"
  },
  {
    "name": "Mayotte",
    "flag": "🇾🇹",
    "capital": "Mamoudzou",
    "continent": "AF"
  },
  {
    "name": "South Africa",
    "flag": "🇿🇦",
    "capital": "Pretoria",
    "continent": "AF"
  },
  {
    "name": "Zambia",
    "flag": "🇿🇲",
    "capital": "Lusaka",
    "continent": "AF"
  },
  {
    "name": "Zimbabwe",
    "flag": "🇿🇼",
    "capital": "Harare",
    "continent": "AF"
  },
  {
    "name": "England",
    "flag": "ğŸ´ó §ó ¢ó ¥ó ®ó §ó ¿",
    "capital": "London",
    "continent": "EU"
  },
  {
    "name": "Scotland",
    "flag": "ğŸ´ó §ó ¢ó ³ó £ó ´ó ¿",
    "capital": "Edinburgh",
    "continent": "EU"
  },
  {
    "name": "Wales",
    "flag": "ğŸ´ó §ó ¢ó ·ó ¬ó ³ó ¿",
    "capital": "Cardiff",
    "continent": "EU"
  }
]
